Moth_Flush,Crop,Treatment,Block,Temperature,Soil_Moisture,Sampling_Day
9,Cotton,High,Block 6,24.3,33.0,155
10,Cotton,Low,Block 5,26.94,33.95,176
4,Cotton,High,Block 4,22.53,41.86,151
25,Corn,Control,Block 1,24.62,32.49,166
2,Cotton,High,Block 6,26.9,29.9,168
20,Corn,Low,Block 3,28.49,24.4,187
12,Corn,Low,Block 2,26.5,38.69,159
5,Corn,Low,Block 2,26.83,30.7,154
15,Soybean,Control,Block 4,27.62,32.36,150
11,Cotton,Low,Block 3,26.3,27.24,174
22,Corn,Control,Block 3,29.71,29.98,199
34,Corn,Control,Block 5,30.4,32.03,177
15,Cotton,Control,Block 6,25.32,34.05,153
11,Soybean,High,Block 2,30.92,22.23,211
15,Corn,Low,Block 2,25.77,22.0,168
6,Soybean,Low,Block 4,25.47,34.47,145
14,Soybean,Low,Block 1,23.64,31.31,174
14,Cotton,Control,Block 5,29.05,25.32,215
7,Soybean,Control,Block 4,22.83,36.39,140
14,Cotton,Control,Block 5,29.26,20.4,213
20,Corn,Control,Block 1,25.96,28.33,148
11,Corn,Control,Block 4,25.57,29.57,143
6,Cotton,High,Block 3,24.26,25.71,174
5,Cotton,High,Block 6,30.03,36.44,197
16,Soybean,Control,Block 1,24.96,24.21,180
7,Soybean,Control,Block 4,27.25,22.79,220
28,Corn,Control,Block 1,25.35,25.87,166
15,Corn,Low,Block 3,24.91,17.73,170
8,Cotton,Low,Block 5,23.71,29.31,168
20,Corn,Low,Block 1,23.84,31.77,192
6,Cotton,Low,Block 2,28.63,26.29,205
9,Corn,High,Block 5,27.89,36.92,147
9,Cotton,High,Block 2,24.25,30.71,150
5,Soybean,High,Block 3,22.18,35.61,167
20,Corn,Low,Block 3,29.05,27.38,209
13,Corn,Low,Block 2,27.81,29.84,202
11,Soybean,Low,Block 6,29.33,28.9,194
14,Corn,Control,Block 3,27.03,30.84,196
13,Corn,Low,Block 5,28.9,27.26,160
6,Cotton,High,Block 6,29.52,31.68,220
16,Corn,Control,Block 6,24.13,28.81,184
21,Corn,Control,Block 2,25.75,28.84,170
9,Corn,High,Block 5,24.46,26.4,210
12,Corn,Low,Block 6,24.73,30.54,149
9,Soybean,High,Block 4,23.46,31.42,163
7,Soybean,High,Block 5,27.04,21.27,205
11,Soybean,High,Block 3,24.91,18.59,176
28,Corn,Control,Block 2,31.45,17.02,207
9,Corn,High,Block 3,27.27,30.68,158
7,Soybean,Low,Block 4,27.81,29.44,195
10,Soybean,Low,Block 1,24.67,25.37,154
19,Corn,Low,Block 1,23.78,26.22,158
9,Corn,High,Block 2,25.98,32.55,147
11,Cotton,High,Block 3,25.63,27.48,162
9,Cotton,Low,Block 1,25.46,31.93,160
7,Cotton,High,Block 6,26.71,27.67,169
9,Soybean,High,Block 5,32.21,27.6,202
3,Cotton,High,Block 6,19.17,28.37,143
17,Corn,Control,Block 3,25.42,28.03,169
15,Cotton,Control,Block 5,26.02,29.58,178
8,Corn,High,Block 5,25.22,32.84,176
11,Corn,High,Block 3,28.9,30.63,192
13,Corn,Low,Block 5,25.32,26.48,176
11,Cotton,Control,Block 6,24.88,32.83,206
12,Cotton,High,Block 1,27.74,21.96,187
7,Soybean,High,Block 2,26.86,23.63,191
19,Corn,Control,Block 4,26.14,25.83,179
13,Soybean,High,Block 5,28.14,33.14,186
8,Cotton,Control,Block 5,24.11,22.49,161
17,Soybean,Low,Block 5,27.32,21.04,206
2,Cotton,High,Block 6,23.05,26.41,150
17,Soybean,Control,Block 1,28.01,35.84,195
11,Corn,High,Block 4,27.73,28.99,192
11,Corn,High,Block 6,22.93,26.49,151
11,Soybean,Control,Block 4,28.41,26.02,193
15,Corn,Control,Block 6,23.97,23.22,163
8,Corn,High,Block 1,24.13,31.54,144
12,Soybean,Low,Block 6,27.43,27.27,168
11,Cotton,Low,Block 6,27.57,21.99,214
17,Corn,Control,Block 2,27.06,24.82,193
10,Corn,Low,Block 5,27.35,21.65,215
7,Corn,High,Block 3,24.79,28.63,198
9,Soybean,Control,Block 4,26.44,16.54,214
12,Corn,Low,Block 1,26.43,25.59,213
10,Soybean,Low,Block 2,26.34,29.23,199
11,Corn,High,Block 4,23.96,33.33,163
25,Corn,Control,Block 1,25.19,24.72,160
13,Corn,Low,Block 6,29.78,19.53,216
18,Soybean,Control,Block 5,29.72,31.08,192
13,Cotton,Control,Block 3,30.32,23.24,216
13,Soybean,Low,Block 4,28.06,24.28,202
24,Cotton,Control,Block 5,31.85,26.21,187
22,Soybean,Control,Block 6,27.72,30.5,198
11,Cotton,Low,Block 1,21.14,31.3,163
15,Cotton,Control,Block 4,25.65,28.8,179
9,Cotton,High,Block 3,27.68,23.73,205
13,Soybean,Control,Block 1,33.51,29.23,217
20,Corn,Control,Block 5,22.71,34.56,144
11,Soybean,Low,Block 2,30.47,21.16,217
8,Corn,Low,Block 6,31.95,28.55,203
9,Soybean,Control,Block 6,24.87,31.01,156
19,Corn,Low,Block 1,26.27,30.16,164
16,Soybean,Control,Block 4,23.88,35.75,148
6,Soybean,High,Block 3,21.61,32.19,143
13,Soybean,Low,Block 1,22.67,36.6,143
15,Soybean,Control,Block 4,30.5,31.04,210
9,Cotton,Low,Block 6,27.59,29.16,211
7,Corn,High,Block 6,27.5,31.74,214
11,Cotton,Control,Block 1,27.03,30.64,164
21,Soybean,Control,Block 3,28.88,29.01,165
14,Corn,Low,Block 1,26.73,31.98,182
14,Soybean,Control,Block 3,28.86,31.76,215
12,Corn,Low,Block 3,22.13,30.02,149
12,Soybean,Control,Block 4,24.43,31.26,145
6,Corn,High,Block 4,22.99,34.68,193
17,Corn,Control,Block 4,26.72,23.66,144
6,Cotton,High,Block 2,28.82,28.43,218
13,Soybean,Low,Block 3,24.69,32.75,158
18,Soybean,High,Block 1,28.73,32.98,194
9,Cotton,High,Block 5,27.49,21.67,201
3,Cotton,High,Block 2,27.39,23.94,204
16,Cotton,Low,Block 5,31.48,31.28,207
20,Cotton,Control,Block 2,27.82,24.86,180
22,Soybean,Control,Block 4,31.89,20.05,215
15,Soybean,High,Block 1,24.05,31.05,192
19,Soybean,Control,Block 5,31.97,28.18,198
11,Soybean,Low,Block 4,28.29,33.39,175
15,Corn,Low,Block 5,22.4,25.78,164
12,Soybean,Low,Block 6,24.79,24.38,189
13,Corn,High,Block 5,29.07,24.21,212
13,Corn,Low,Block 6,25.59,20.8,173
11,Corn,Low,Block 6,27.09,32.17,159
13,Soybean,Low,Block 1,24.5,29.62,150
16,Soybean,Control,Block 4,25.0,17.11,217
12,Cotton,Low,Block 5,28.29,23.57,209
19,Cotton,Low,Block 5,32.35,25.65,201
6,Cotton,Low,Block 4,24.56,29.1,171
6,Cotton,High,Block 6,28.44,27.22,190
13,Corn,Control,Block 2,29.23,20.69,220
8,Corn,High,Block 6,26.54,28.51,141
12,Corn,High,Block 1,25.75,29.22,165
18,Corn,Low,Block 6,26.75,27.98,201
8,Soybean,High,Block 2,30.82,21.26,217
28,Corn,Control,Block 5,31.37,23.08,216
9,Cotton,High,Block 1,27.2,28.62,187
8,Corn,High,Block 3,28.95,25.31,214
13,Cotton,Control,Block 6,25.15,30.96,172
8,Cotton,Low,Block 5,28.12,32.48,197
10,Corn,Low,Block 5,26.13,27.25,173
7,Corn,High,Block 4,29.77,29.91,163
16,Corn,Low,Block 2,29.48,26.19,194
14,Cotton,Low,Block 3,26.72,32.63,187
25,Corn,Control,Block 6,25.39,29.75,173
9,Soybean,Low,Block 2,26.18,30.11,166
20,Corn,Control,Block 4,31.98,22.42,207
15,Soybean,Low,Block 3,27.57,29.36,177
12,Cotton,Control,Block 1,24.03,33.92,147
16,Corn,Low,Block 1,24.45,27.11,172
19,Cotton,Control,Block 5,23.68,24.7,178
12,Corn,Low,Block 6,29.8,26.3,214
5,Soybean,High,Block 2,28.34,26.26,217
9,Corn,High,Block 4,25.04,29.49,141
14,Soybean,Control,Block 6,25.78,36.01,162
13,Cotton,Control,Block 4,27.26,26.3,175
9,Cotton,High,Block 5,25.46,32.72,184
11,Corn,High,Block 3,26.37,22.52,201
17,Corn,Low,Block 3,25.41,34.77,152
10,Soybean,Control,Block 3,22.16,33.34,141
30,Corn,Control,Block 3,27.49,29.7,201
5,Soybean,High,Block 4,30.2,31.59,198
23,Corn,Control,Block 1,33.78,37.3,213
12,Soybean,Control,Block 5,28.33,23.91,201
18,Corn,Control,Block 2,22.78,32.29,157
2,Soybean,High,Block 4,31.48,29.45,216
13,Soybean,Low,Block 5,31.8,23.26,215
10,Soybean,High,Block 3,26.85,28.51,190
9,Corn,Low,Block 6,26.89,30.56,210
19,Soybean,Control,Block 2,27.2,20.11,198
11,Corn,High,Block 5,22.59,29.43,152
23,Soybean,Control,Block 1,28.35,28.57,185
12,Soybean,High,Block 5,26.66,32.14,160
8,Soybean,High,Block 3,26.24,26.1,187
23,Cotton,Control,Block 1,25.24,25.07,191
17,Cotton,Control,Block 4,27.27,31.55,195
13,Corn,Low,Block 3,21.42,28.47,201
10,Cotton,Control,Block 5,20.23,31.57,140
2,Corn,High,Block 5,25.54,29.5,142
5,Cotton,High,Block 3,28.09,18.09,211
17,Corn,Control,Block 4,24.88,34.65,154
10,Soybean,Low,Block 6,25.07,31.64,148
15,Corn,Low,Block 1,27.86,28.4,189
7,Corn,Low,Block 1,28.86,25.71,209
10,Soybean,High,Block 6,29.88,22.54,207
14,Soybean,Control,Block 4,25.52,26.01,174
17,Soybean,Control,Block 2,27.06,35.88,203
6,Cotton,High,Block 5,29.11,19.55,219
6,Cotton,High,Block 1,28.43,24.62,200
16,Corn,Low,Block 5,25.57,32.36,174
22,Soybean,Control,Block 1,27.86,30.7,194
13,Cotton,Control,Block 1,23.85,29.62,188
15,Corn,High,Block 5,26.68,22.78,191
3,Cotton,High,Block 3,28.2,30.98,208
16,Corn,Control,Block 3,27.94,34.55,163
9,Cotton,Low,Block 4,31.69,27.41,219
18,Cotton,Control,Block 5,28.37,23.4,208
2,Cotton,High,Block 2,23.91,27.81,154
4,Soybean,High,Block 2,27.61,26.26,181
8,Soybean,Low,Block 4,29.31,26.55,195
12,Cotton,Control,Block 1,30.12,28.12,194
9,Cotton,Low,Block 1,27.94,27.19,199
16,Soybean,Low,Block 3,23.52,24.28,199
22,Corn,Control,Block 2,23.89,33.16,149
12,Cotton,High,Block 5,23.68,28.47,170
14,Soybean,Low,Block 1,26.38,34.55,196
17,Corn,Low,Block 2,30.12,18.52,207
6,Cotton,High,Block 6,30.6,21.31,217
20,Corn,Control,Block 6,27.97,30.89,198
13,Corn,Low,Block 6,24.79,29.8,181
9,Soybean,Low,Block 3,25.86,35.29,142
8,Soybean,Low,Block 4,28.38,29.82,194
18,Soybean,Control,Block 1,22.34,34.62,142
13,Corn,High,Block 2,25.73,33.12,185
11,Corn,Low,Block 5,24.56,22.8,142
9,Cotton,High,Block 4,27.23,28.37,175
9,Cotton,Low,Block 6,27.94,30.48,154
16,Corn,High,Block 1,24.15,31.36,187
8,Cotton,High,Block 6,26.53,33.82,180
12,Soybean,Low,Block 1,25.55,32.38,194
9,Cotton,Low,Block 3,27.33,32.09,161
4,Cotton,Control,Block 2,22.67,31.03,158
11,Soybean,Low,Block 5,27.3,26.46,190
22,Soybean,Control,Block 1,28.26,32.1,180
32,Corn,Control,Block 6,25.8,33.67,172
12,Soybean,High,Block 5,27.56,28.06,194
14,Cotton,Control,Block 4,30.28,27.98,182
15,Soybean,Low,Block 1,32.42,25.7,215
18,Corn,Low,Block 3,26.86,24.3,201
12,Cotton,High,Block 3,22.35,28.2,162
8,Cotton,High,Block 5,22.45,34.59,152
11,Corn,Low,Block 6,34.23,23.46,198
9,Soybean,High,Block 1,24.37,21.49,181
9,Corn,High,Block 6,27.54,28.46,170
9,Corn,Low,Block 6,28.56,27.65,212
6,Cotton,Low,Block 1,25.15,28.68,165
9,Soybean,High,Block 3,27.57,19.2,207
21,Soybean,Control,Block 3,31.83,29.47,201
7,Soybean,Low,Block 4,22.33,38.71,145
15,Soybean,Low,Block 2,28.43,24.5,183
9,Cotton,Low,Block 4,25.44,28.45,162
18,Soybean,Control,Block 1,28.92,29.97,208
4,Soybean,Low,Block 2,25.89,29.61,143
9,Corn,High,Block 1,25.69,27.65,188
26,Corn,Control,Block 5,23.12,33.45,170
34,Corn,Control,Block 3,31.65,31.06,203
7,Cotton,Low,Block 4,29.29,22.84,211
12,Soybean,Low,Block 5,26.38,25.93,162
19,Cotton,Low,Block 6,28.79,27.75,190
7,Soybean,High,Block 2,27.52,34.15,166
10,Soybean,Low,Block 5,30.89,29.48,217
10,Soybean,Low,Block 6,27.84,30.25,147
16,Cotton,Low,Block 5,28.27,30.37,182
22,Soybean,Control,Block 2,28.86,34.43,199
6,Corn,High,Block 2,26.58,23.84,208
11,Corn,High,Block 6,25.0,33.76,161
13,Corn,Low,Block 4,24.11,30.03,162
8,Corn,High,Block 3,23.22,28.85,152
5,Cotton,Low,Block 6,24.78,35.92,153
14,Cotton,Low,Block 2,26.35,36.68,170
10,Cotton,Low,Block 2,25.39,30.56,141
19,Corn,Control,Block 5,24.82,20.24,185
15,Cotton,Control,Block 6,27.4,27.77,202
3,Cotton,High,Block 2,29.93,30.06,198
19,Cotton,Control,Block 1,27.97,30.01,171
12,Corn,Low,Block 6,26.42,27.47,176
16,Corn,Low,Block 3,32.11,23.79,213
5,Cotton,High,Block 6,20.4,41.46,142
6,Soybean,High,Block 2,26.27,35.91,140
12,Cotton,Low,Block 4,27.81,27.82,163
12,Corn,High,Block 1,27.74,31.02,208
12,Corn,High,Block 4,26.41,29.01,170
9,Cotton,Low,Block 1,28.55,25.91,165
16,Cotton,Control,Block 1,26.77,32.42,188
11,Soybean,Control,Block 4,27.17,32.11,167
9,Soybean,Low,Block 4,32.92,28.4,218
10,Soybean,Control,Block 2,22.94,37.48,143
11,Soybean,Control,Block 3,30.24,23.41,215
23,Soybean,Control,Block 3,25.89,31.05,151
21,Corn,Control,Block 6,29.31,29.28,197
25,Corn,Low,Block 1,24.11,32.03,174
9,Soybean,Low,Block 4,27.27,25.4,214
10,Cotton,Control,Block 2,31.85,25.5,209
15,Corn,Control,Block 2,23.34,32.85,151
13,Cotton,Control,Block 4,27.14,32.23,178
10,Corn,Low,Block 1,23.5,30.75,144
13,Corn,High,Block 6,26.44,25.3,203
10,Soybean,Control,Block 6,29.71,25.52,217
9,Cotton,Control,Block 3,29.66,29.52,216
10,Soybean,Control,Block 2,21.94,33.01,144
13,Corn,High,Block 6,26.92,25.32,196
24,Corn,Control,Block 4,27.73,29.02,180
14,Cotton,Low,Block 1,25.53,26.39,169
18,Corn,Low,Block 2,25.18,28.36,196
7,Cotton,High,Block 1,23.47,40.7,164
13,Cotton,Control,Block 4,28.08,19.1,216
10,Soybean,High,Block 3,29.32,29.12,161
18,Corn,Low,Block 5,26.18,36.37,157
7,Corn,High,Block 5,25.67,31.13,142
9,Cotton,High,Block 3,26.11,36.4,175
5,Corn,High,Block 5,22.46,30.53,158
21,Cotton,Control,Block 6,29.43,29.63,192
7,Soybean,High,Block 6,28.1,34.15,179
7,Cotton,Control,Block 6,26.04,36.87,140
13,Corn,Low,Block 3,27.51,25.21,203
8,Soybean,Low,Block 5,26.91,18.61,207
20,Soybean,Control,Block 4,24.33,30.06,162
5,Cotton,High,Block 3,31.89,23.26,215
8,Corn,Low,Block 5,24.65,23.2,155
7,Cotton,Low,Block 2,27.73,17.88,163
17,Corn,Control,Block 3,29.04,19.73,217
14,Cotton,Low,Block 5,27.84,28.81,164
5,Soybean,High,Block 4,24.61,30.04,191
15,Corn,Control,Block 1,25.49,33.67,147
19,Soybean,Control,Block 6,26.99,29.89,156
11,Corn,Control,Block 5,23.14,30.6,144
9,Soybean,High,Block 2,24.65,26.07,172
21,Soybean,Control,Block 1,24.38,29.9,146
16,Soybean,Control,Block 4,26.42,33.36,150
24,Soybean,Control,Block 5,27.89,29.78,177
13,Corn,Low,Block 5,29.05,34.25,161
16,Corn,Low,Block 6,27.73,31.29,174
23,Soybean,Control,Block 5,27.89,27.76,157
12,Cotton,Control,Block 4,30.23,17.12,207
8,Cotton,High,Block 5,23.69,31.2,191
12,Corn,Low,Block 2,30.29,25.12,208
18,Cotton,Control,Block 5,27.66,29.44,170
14,Cotton,Control,Block 3,29.4,34.1,197
11,Soybean,High,Block 1,28.1,32.4,153
11,Cotton,Control,Block 2,23.75,25.47,150
7,Corn,High,Block 1,27.88,24.48,186
9,Cotton,Low,Block 4,25.48,26.45,185
14,Soybean,Control,Block 3,32.22,29.8,216
7,Cotton,High,Block 1,27.98,28.7,201
23,Soybean,Control,Block 1,26.89,22.08,192
16,Corn,Control,Block 6,25.47,33.41,150
9,Soybean,High,Block 3,26.86,28.8,205
4,Cotton,High,Block 2,25.44,31.75,161
8,Cotton,Control,Block 4,22.7,30.78,175
16,Cotton,Control,Block 3,27.91,33.5,155
5,Corn,High,Block 5,29.65,29.99,184
15,Soybean,Control,Block 1,25.77,26.12,183
7,Soybean,Low,Block 3,22.19,30.7,156
11,Cotton,Control,Block 4,26.35,29.33,142
8,Corn,High,Block 6,26.64,26.15,202
7,Soybean,High,Block 2,26.15,28.62,205
6,Soybean,High,Block 6,27.48,31.72,196
20,Cotton,Control,Block 2,26.4,28.64,180
18,Soybean,Control,Block 6,25.59,33.97,180
8,Soybean,High,Block 4,23.98,28.29,173
11,Cotton,Low,Block 2,25.09,28.55,174
6,Cotton,Low,Block 1,25.21,27.42,147
